編號,韓文,羅馬拼音,中文,英文
5001,상금,sanggeum,獎金、賞金,Prize money
5002,수저,sujeo,湯匙和筷子、餐具,A spoon
5003,식욕,sigyok,食慾、胃口,"appetite,desire"
5004,앞바다,apbada,近海、鄰近海域,The offing sea
5005,얄밉다,yalmipda,討人厭、令人反感,"Be offensive, mean"
5006,양상추,yangsangchu,結球萵苣、美生菜,Lettuce
5007,여대생,yeodaesaeng,女大學生,Female college student
5008,연기하다,yeongihada,推遲、延期,"To be put off, postponed"
5009,온라인,onrain,線上、網路,Online
5010,외갓집,oegatjip,外婆家、外祖家,one’s mother’s maiden home
5011,외할머니,oehalmeoni,外婆、外祖母,A maternal grandmother
5012,유능하다,yuneunghada,有才能、精明能幹,"To be competent,talented"
5013,유적지,yujeokji,遺址、古蹟所在地,Place where remains/cultural-historical remnants are
5014,음악가,eumakga,音樂家,A musician
5015,응답하다,eungdaphada,應答、回答,"An answer, a reply"
5016,이롭다,iropda,有益、有利,Be good for
5017,이분,ibun,二分、分成兩半,Divide into two
5018,인삼,insam,人參,Ginseng
5019,인상,insang,容貌、相貌、面相,"Look, personal appearance"
5020,입사,ipsa,入職、進公司,enter/join a company
5021,자,ja,尺、直尺,A ruler
5022,재활용,jaehwaryong,資源回收、再利用,Recycling
5023,점원,jeomwon,店員、店員銷售員,A shop-assistant
5024,제삿날,jesannal,祭日、祭祀之日,Day of the ceremony
5025,주름살,jureumsal,皺紋,Wrinkles
5026,참고하다,chamgohada,參考、參照,"To refer, consult"
5027,찻잔,chatjan,茶杯,A teacup
5028,철학적,cheolhakjeok,哲學性的、哲學的,Philosophical
5029,초대,chodae,初代、第一代、創立者,"The first generation, the founder"
5030,추천하다,chucheonhada,推薦,"To recommend, say a good word for"
5031,칫솔,chitsol,牙刷,A toothbrush
5032,큰길,keungil,大馬路、主幹道,main/principal road
5033,판매되다,panmaedoeda,被銷售、售出（被動）,To be sold
5034,편,pyeon,便利設施、交通班次,"Facilities, services"
5035,포근하다,pogeunhada,溫暖舒適、柔軟厚實,"To be soft and comfortable, downy"
5036,포도,podo,葡萄,grape(s)
5037,하나님,hananim,上帝、天主,God
5038,학력,hakryeok,學歷、學校教育背景,"Academic background, formal schooling"
5039,한정하다,hanjeonghada,限定、限制,"To limit, restrict"
5040,향상되다,hyangsangdoeda,獲得提升、改善（被動）,"To be impoved, advanced"
5041,홈페이지,hompeiji,首頁、官方網站,Homepage
5042,횡단보도,hoengdanbodo,斑馬線、行人穿越道,Crossing
5043,가톨릭,gatolrik,天主教,Catholic
5044,강당,gangdang,禮堂、講堂,A lecture hall
5045,건조하다,geonjohada,乾燥、枯燥,"Dry or arid, to become dry"
5046,걷기,geotgi,步行、走路,Walking
5047,고모부,gomobu,姑丈、姑父,The husband of one’s paternal aunt
5048,공중전화,gongjungjeonhwa,公共電話,A public payphone
5049,공통,gongtong,共通、共同,Commonness
5050,과거,gwageo,科舉、科舉考試,The state examination
5051,국가적,gukgajeok,國家級的、國家的,National or state
5052,귓속,gwitsok,耳內、耳朵內部,The inner ear
5053,그래픽,geuraepik,圖像、圖形,Graphic
5054,근교,geungyo,近郊、郊區,Suberbs
5055,기초적,gichojeok,基礎的、基本的,Fundamental or basic
5056,녹음,nogeum,錄音 / 綠蔭,Recording
5057,다양성,dayangseong,多樣性、多元性,Variety
5058,떠나오다,tteonaoda,離開而來、出發歸來,미국으로부터 to come back from the US
5059,마중,majung,迎接、迎候,"Meeting, reception"
5060,밝다,bakda,明亮、晴朗,To be bright
5061,밤중,bamjung,半夜、深夜,Midnight
5062,배드민턴,baedeuminteon,羽毛球,Badminton
5063,배부르다,baebureuda,飽、吃飽,To be full
5064,버튼,beoteun,按鈕、鍵,Button
5065,보수적,bosujeok,保守的,Conservative
5066,캐나다,kaenada,加拿大,Canada
5067,불확실하다,bulhwaksilhada,不確定、不明確,Be uncertain
5068,비만,biman,肥胖,"Fatness, corpulence"
5069,빗방울,bitbangul,雨滴、雨點,Raindrops
5070,사회자,sahoeja,主持人、司儀,"Host, MC, moderator"
5071,샤워,syawo,淋浴、沖澡,Shower
5072,서투르다,seotureuda,生疏、不熟練,"unskilled,clumsy"
5073,세탁기,setakgi,洗衣機,Washing machine
5074,손뼉,sonppyeok,手掌、手心,The flat of one’s hand
5075,손수,sonsu,親自、親手,"With one’s own hands, personally"
5076,송편,songpyeon,松片（韓式松針蒸糕）,Rice cake steemed over pine needles
5077,시들다,sideulda,枯萎、凋謝 / 衰退,"To wither,die,fade"
5078,시디,sidi,光碟、CD,C.D.
5079,신사,sinsa,紳士,A gentleman
5080,신혼부부,sinhonbubu,新婚夫婦,Newlyweds
5081,싱겁다,singgeopda,淡而無味、平淡,"Taste flat, have no flavor"
5082,쓸데없이,sseuldeeopsi,徒勞地、無謂地,To have no use
5083,야하다,yahada,妖豔、俗氣、露骨,"To be gaudy,garish"
5084,어쩌다가,eojjeodaga,偶爾、偶然、不知怎麼地,"By chance, accident ; sometimes"
5085,옛날이야기,yennariyagi,古老故事、傳說,An old story
5086,오븐,obeun,烤箱,Oven
5087,온종일,onjongil,整天、一整天,"All day long, the whole day"
5088,와인,wain,葡萄酒、紅酒,Wine
5089,왕비,wangbi,王妃、王后,Queen
5090,우승하다,useunghada,奪冠、獲得優勝,To take first place
5091,운반,unban,搬運、運輸,"conveyance,transport"
5092,웃어른,useoreun,長輩、長者,one’s elders
5093,인사말,insamal,問候語、致詞,Words of greeting
5094,자판기,japangi,自動販賣機,Vending machine
5095,장모님,jangmonim,岳母、丈母娘（敬稱）,A man’s mother in law
5096,저녁때,jeonyeokttae,傍晚時分、傍晚,Evening time
5097,저울,jeoul,秤、天平,A balance
5098,적어지다,jeogeojida,變少、減少,To become smaller
5099,지폐,jipye,紙鈔、紙幣,Paper money
5100,진실로,jinsilro,確實、由衷地,"Truly, honestly"
5101,촛불,chotbul,燭光、蠟燭火,Candle-light
5102,출퇴근,chultoegeun,上下班、通勤,Go to and come from the office
5103,치과,chigwa,牙科、牙醫診所,A dentist
5104,테스트,teseuteu,測試、測驗,Test
5105,통역,tongyeok,口譯、翻譯,Interpreting
5106,퇴근하다,toegeunhada,下班,To go home from work
5107,표시하다,pyosihada,表示、標記、顯示,"To make a sign, display"
5108,피로하다,pirohada,疲勞、疲倦,"To be fatigued, weary"
5109,하,ha,下、下等、下方,"Below, underneath"
5110,한데,hande,戶外、露天 / 一處,"The open air, outside, the exterior"
5111,혼잣말,honjanmal,自言自語,Talking to oneself
5112,화나다,hwanada,發火、生氣,Get angry
5113,효도하다,hyodohada,盡孝、孝敬父母,To be a good son/daughter to one’s parents
5114,힘없이,himeopsi,無精打采地、軟弱無力地,"feebly,weekly"
5115,가로,garo,橫向、寬度,Width or breadth
5116,갈아타다,garatada,轉乘、換乘,Transfer (bus or subway)
5117,건넌방,geonneonbang,對面廂房、對屋,The room opposite the main living room
5118,곧이어,godieo,隨即、緊接著,Soon hereafter
5119,공기,gonggi,公器、公共機構,"Public instrument, public institution"
5120,굉장하다,goengjanghada,宏偉、了不起、極好,Be grand or magnificent or splendor
5121,그래서,geuraeseo,因此、所以,So or therefore
5122,기업인,gieobin,企業家、企業人士,Businessman
5123,긴장되다,ginjangdoeda,感到緊張（被動）,Be under tension
5124,깨끗해지다,kkaekkeuthaejida,變乾淨,Become clean
5125,낚싯대,naksitdae,釣竿,A fishing rod
5126,남동생,namdongsaeng,弟弟,Younger brother
5127,냇물,naenmul,溪水、小溪,"A stream, brook"
5128,단골,dangol,熟客、老主顧,"Custom, connection"
5129,단맛,danmat,甜味,A sweet taste
5130,담요,damyo,毛毯,A blanket
5131,대,dae,莖、稈、柄,"A stem, stalk"
5132,더러워지다,deoreowojida,變髒,Get dirty
5133,데우다,deuda,加熱、熱（湯/菜）,"to warm, to heat up"
5134,도착,dochak,到達、抵達,Arrival
5135,동그랗다,donggeurata,圓圓的、滾圓,To be circular
5136,안동,andong,安東（韓國慶尚北道城市）,"간고등어 fish common in this city, ANDONG"
5137,무덥다,mudeopda,悶熱,"sultry,sweltering"
5138,뭘,mwol,什麼（무엇을略語）,What (implicit directobject)?
5139,반대편,bandaepyeon,反方向、對面,The opposite side
5140,발바닥,balbadak,腳底板、腳掌,The sole of the foot
5141,발톱,baltop,腳趾甲,A toenail
5142,밝아지다,balgajida,變亮、開朗起來,Become bright
5143,밤새다,bamsaeda,熬夜、通宵,To stay up all night
5144,부잣집,bujatjip,富貴人家、富戶,Rich man’s house
5145,분명해지다,bunmyeonghaejida,變得明確、清楚,To become clear
5146,사진기,sajingi,照相機,Camera
5147,산길,sangil,山路,"A mountain path,road"
5148,상추,sangchu,生菜、萵苣,Lettuce
5149,섭씨,seopssi,攝氏,Celsius
5150,소시지,sosiji,香腸、熱狗,Sausage
5151,쇼핑,syoping,購物,Shopping
5152,수업,sueop,修業、修畢課程,Completing an education course
5153,스케줄,seukejul,日程、行程表,Schedule
5154,스키,seuki,滑雪、滑雪板,Ski
5155,시외,sioe,市外、郊外,"Outside the city, suberbs"
5156,심각해지다,simgakhaejida,變得嚴重,To become serious
5157,싹,ssak,嫩芽、幼芽,"A bud,sprout"
5158,씻기다,ssitgida,被沖洗、洗刷（被動）,"To be carried away, washed away"
5159,안심하다,ansimhada,安心、放心,"security,assuredness,relief"
5160,약,yak,惱火、上火（약오르다）,"Get angry,take offense"
5161,약수,yaksu,礦泉水、藥水,"Medicinal water, mineral water"
5162,약품,yakpum,藥品、醫藥品,"Medicines, medical supplies"
5163,양배추,yangbaechu,高麗菜、捲心菜,Cabbage
5164,양보,yangbo,讓步、謙讓,"concession,compromise"
5165,양옆,yangyeop,兩側、兩旁,On both sides
5166,얕다,yatda,淺、膚淺,"To be shallow, superficial"
5167,어두워지다,eoduwojida,變暗、昏暗,become/get dark
5168,어쩜,eojjeom,怎麼會、說不定,"Well, I guess that, is extremely….."
5169,엊그제,eotgeuje,前幾天、剛過去不久,"The day before yesterday, a few days ago"
5170,여고생,yeogosaeng,女高中生,Female high school student
5171,여왕,yeowang,女王、王后,Queen
5172,연기되다,yeongidoeda,被推遲、延期（被動）,"To be put off, postponed"
5173,열,yeol,十（純韓文數詞）,Ten
5174,예약,yeyak,預訂、預約,"Pre-engagement, reservation"
5175,올라타다,olratada,坐上、登上（交通工具）,"Board (a plane), get into"
5176,운동화,undonghwa,運動鞋,Sports shoes
5177,이곳저곳,igotjeogot,這兒那兒、到處,Everywhere
5178,이다음,idaeum,下次、以後,Next
5179,일회용품,ilhoeyongpum,免洗用品、一次性用品,A product to be used only once
5180,읽히다,ikhida,使閱讀、使讀懂,"To get a person to read, to get a person to learn"
5181,잡수다,japsuda,吃、享用（敬語）,"eat,drink"
5182,장사꾼,jangsakkun,商人、生意人,"A trader,merchant,dealer"
5183,점심때,jeomsimttae,午餐時分,Lunchtime
5184,주일,juil,星期、週,A week
5185,즐거워하다,jeulgeowohada,歡樂、感到高興,To enjoy it
5186,집중하다,jipjunghada,集中、專心,To concentrate
5187,짜다,jjada,鹹、味道鹹,To be salty
5188,짜증스럽다,jjajeungseureopda,令人煩躁、討厭,To be annoying
5189,천재,cheonjae,天才,"genius,talent"
5190,초등학교,chodeunghakgyo,小學,Elementary school
5191,초보,chobo,初步、入門,"Initial, first steps"
5192,초여름,choyeoreum,初夏,Early summer
5193,초저녁,chojeonyeok,傍晚、剛入夜時分,Early in the evening
5194,충돌하다,chungdolhada,碰撞、衝突,"Collide, clash with"
5195,코트,koteu,球場 / 大衣,Court
5196,피곤,pigon,疲倦、疲勞,"fatigue,exhaustion"
5197,학비,hakbi,學費,Tuition
5198,해,hae,害處、損害、危害,"Damage, injury"
5199,해외여행,haeoeyeohaeng,海外旅行、出國旅遊,Foreign travel
5200,효자,hyoja,孝子,A dutiful son
5201,감소되다,gamsodoeda,被減少、縮減（被動）,To be reduced or diminished
5202,강변,gangbyeon,江邊、河畔,A riverside
5203,공연되다,gongyeondoeda,被上演、演出（被動）,To give a public performance
5204,공휴일,gonghyuil,國定假日、公休日,A legal holiday
5205,괴로워하다,goerowohada,感到痛苦、苦惱,To distress or trouble
5206,교시,gyosi,訓示、指示、指導,Teach or instruct or enlighten
5207,그리로,geuriro,朝那裡、往那邊,Over there
5208,까먹다,kkameokda,剝著吃 / 忘得一乾二淨,Crack or peel and eat
5209,깜빡,kkamppak,眨眼、閃爍 / 猛然忘記,With a flash or twinkle
5210,깡패,kkangpae,流氓、惡棍,Gangster
5211,꾸다,kkuda,做夢、夢見,Dream or have a dream
5212,낚시꾼,naksikkun,釣客、釣魚人,An angler
5213,다양해지다,dayanghaejida,變得多樣化,To be various
5214,대중교통,daejunggyotong,大眾運輸、大眾交通,Mass transportation
5215,데려오다,deryeooda,帶來、領來,Go with
5216,마요네즈,mayonejeu,美乃滋、蛋黃醬,Mayonnaise
5217,마흔,maheun,四十,Forty
5218,만세,manse,萬歲,"10,000 years"
5219,만화가,manhwaga,漫畫家,Cartoon artist
5220,맘대로,mamdaero,隨心所欲、隨便,As you want
5221,머리말,meorimal,前言、序言,A preface
5222,면접,myeonjeop,面試、面談,Interview
5223,명함,myeongham,名片,Name card
5224,몸속,momsok,體內、身體內部,In one’s body
5225,무책임하다,muchaegimhada,不負責任,Not responsible
5226,반짝거리다,banjjakgeorida,閃爍、閃閃發亮,Twinkle-twinkle (stars)
5227,밤새우다,bamsaeuda,熬夜、徹夜不眠,Sit up all night
5228,번지,beonji,門牌號碼、番地,Area of land
5229,볼펜,bolpen,原子筆,A ballpen
5230,빨간색,ppalgansaek,紅色,"deep-red,crimson"
5231,사립,sarip,私立,Private
5232,사생활,sasaenghwal,私生活,Private life
5233,사이사이,saisai,處處、時不時、縫隙間,Every now and then
5234,사자,saja,獅子,A lion
5235,새소리,saesori,鳥鳴聲,"Bird voice,”chirp”"
5236,생활수준,saenghwalsujun,生活水準,The standard of living
5237,서툴다,seotulda,生疏、拙劣,"poor,awkward"
5238,석사,seoksa,碩士,Master
5239,성당,seongdang,天主教堂、聖堂,A church
5240,속마음,songmaeum,內心想法、真心,"Inner heart,feeling"
5241,손잡다,sonjapda,牽手、攜手合作,Take a person by the hand
5242,숙녀,sungnyeo,淑女,A lady
5243,순하다,sunhada,溫和、溫順,"Be gentle,docile"
5244,시댁,sidaek,婆家,one’s husband’s family/house
5245,시부모,sibumo,公婆、公公婆婆,one’s husband’s parents
5246,신체적,sinchejeok,身體上的、肉體的,Physical
5247,실수하다,silsuhada,失誤、犯錯,To make a mistake
5248,쓴맛,sseunmat,苦味,A bitter flavor
5249,야옹,yaong,喵（貓叫聲）,"Mewing, meowing"
5250,얼마간,eolmagan,一段時間、多少,"Some, somewhat"
5251,올여름,oryeoreum,今年夏天,This summer
5252,외제,oeje,外國製、舶來品,Of foreign manufacture
5253,외출하다,oechulhada,外出、出門,To go out (of doors)
5254,욕하다,yokhada,謾罵、罵人,"To insult, to say bad words"
5255,위아래,wiarae,上下、長幼,Up and down
5256,음반,eumban,唱片、專輯唱片,A phonograph record
5257,의논,uinon,商量、商議,"consultation,conference"
5258,이,i,二（漢字詞）,Two
5259,이래서,iraeseo,因為這樣、正因如此,"This way, this direction, here"
5260,이발소,ibalso,理髮店,barber’s shop
5261,자살하다,jasalhada,自殺,Commit suicide
5262,자연적,jayeonjeok,自然的,Natural
5263,장례식,jangryesik,喪禮、告別式,A funeral
5264,재수,jaesu,運氣、幸運 / 重考,"luck,fortune"
5265,재작년,jaejangnyeon,前年,The year before last
5266,재채기,jaechaegi,打噴嚏,"sneeze,sneezing"
5267,전구,jeongu,燈泡,An electric bulb
5268,전문점,jeonmunjeom,專賣店,Exclusive store
5269,전통문화,jeontongmunhwa,傳統文化,Traditional culture
5270,정거장,jeonggeojang,車站、停靠站,A railroad station
5271,존댓말,jondaenmal,敬語、尊稱,Respectful speech
5272,주전자,jujeonja,茶壺、水壺,"A kettle, teakettle"
5273,지우다,jiuda,使背負、使承擔,Put a thing on a person’s back
5274,찬성,chanseong,贊成、贊同,"approval,assent"
5275,초보자,choboja,初學者、新手,"A beginner, neophyte"
5276,초청장,chocheongjang,邀請函、請帖,An invitation (card)
5277,촌스럽다,chonseureopda,土氣、俗氣,Unfashionable
5278,카레,kare,咖哩,Curry
5279,컨디션,keondisyeon,狀態、身心狀況,Condition
5280,코스모스,koseumoseu,大波斯菊,Cosmos
5281,킬로,kilro,公斤、公里,Kilo
5282,토론자,toronja,討論者、辯論者,"A debator, a disputant"
5283,튼튼히,teunteunhi,結實地、牢固地,"Strongly, firmly"
5284,티셔츠,tisyeocheu,T恤,T-shirts
5285,페인트,peinteu,油漆,Paint
5286,평상시,pyeongsangsi,平常、平時,Normally
5287,중국,jungguk,中國,China
5288,학교생활,hakgyosaenghwal,校園生活,Student
5289,한둘,handul,一兩個,One or two
5290,해물,haemul,海鮮、海產,Marine products
5291,형,hyeong,型態、模型 / 哥哥,"Shape, form"
5292,혼나다,honnada,挨訓、嚇破膽,"Get frightened, scared"
5293,가만,gaman,靜靜地、一聲不響,Quietly or softly
5294,감정적,gamjeongjeok,情感的、感情用事的,Emotional
5295,강북,gangbuk,江北（首爾漢江以北）,North of the river
5296,거리,geori,材料、題材,Materials
5297,고무신,gomusin,膠鞋,Rubber shoes
5298,고춧가루,gochutgaru,辣椒粉,Red pepper powder
5299,관람,gwanram,參觀、觀看、觀賞,Inspection or viewing
5300,교외,gyooe,校外 / 郊外,Outside the school or extramural
5301,교육비,gyoyukbi,教育費、學費雜費,Tuition or the cost of a school education
5302,국립,gukrip,國立,Government established
5303,금,geum,線條、界線、劃線,A line (draw)
5304,기억되다,gieokdoeda,被銘記、記憶（被動）,To be remembered
5305,까다,kkada,剝、削皮 / 孵化,Peel or husk
5306,꽃씨,kkotssi,花籽、花種,Flower seed
5307,꾸준하다,kkujunhada,持之以恆、孜孜不倦,Be steady or unflagging
5308,난방,nanbang,暖氣、取暖設備,A heated room
5309,내용물,naeyongmul,內容物,Contents
5310,녹화,nokhwa,綠化,Tree-planting
5311,농구,nonggu,籃球,Basketball
5312,달다,dalda,懸掛、掛上,To hang
5313,매번,maebeon,每次、每回,Every time
5314,먹다,meokda,失聰、耳聾（귀가 먹다）,Go deaf
5315,무관심하다,mugwansimhada,漠不關心、毫無興趣,Be indifferent to
5316,무사하다,musahada,平安無事,"Be safe, peaceful"
5317,밤낮,bamnat,日夜、總是,"Night and day, always"
5318,배구,baegu,排球,Volleyball
5319,번역하다,beonyeokhada,翻譯、筆譯,To translate
5320,병아리,byeongari,小雞,"Chick, baby chicken"
5321,부지런하다,bujireonhada,勤勞、勤奮,Be diligent
5322,부피,bupi,體積、容積,"bulk,size"
5323,비기다,bigida,打成平手、平局,"End in a tie, to be even-even. Same as 무승부를 기록하다"
5324,생활용품,saenghwaryongpum,生活用品,Necessities for daily life
5325,선풍기,seonpunggi,電風扇,A fan
5326,세로,sero,縱向、垂直,Length
5327,섹시하다,seksihada,性感,To be sexy
5328,소비하다,sobihada,消費、消耗,Consumption
5329,수리하다,surihada,修理、修繕,"repair,mending"
5330,스물,seumul,二十（純韓文數詞）,Twenty
5331,식료품,sikryopum,食品、副食品,Articles for food
5332,식히다,sikhida,使冷卻、放涼,"To cool, let cool. 차게 하다"
5333,싫어지다,sileojida,變得厭煩、不喜歡,To become distasteful
5334,씻기다,ssitgida,給...洗、洗滌,"wash,be washed"
5335,얼리다,eolrida,使凍結、冷凍,"Freeze, make ice"
5336,여직원,yeojigwon,女職員,Female employee
5337,열리다,yeolrida,結（果實）,To bear fruit
5338,옆방,yeopbang,隔壁房間,The room next door
5339,오피스텔,opiseutel,住商混合公寓,Office hotel (studio apt)
5340,올가을,olgaeul,今年秋天,This fall
5341,와이셔츠,waisyeocheu,正裝襯衫,A white dress shirt
5342,원피스,wonpiseu,洋裝、連身裙,(one-piece) a dress
5343,윗사람,witsaram,長輩、上司,"A superior, one’s older somebody"
5344,이민,imin,移民,Emigration
5345,이성,iseong,異性,The opposite sex
5346,이혼하다,ihonhada,離婚,To get divorced
5347,인제,inje,現在、如今,Now
5348,입사하다,ipsahada,入職、進公司,To join/enter a company
5349,재우다,jaeuda,哄睡、讓...睡覺,Put to sleep
5350,전시되다,jeonsidoeda,被展出、展覽（被動）,"To be exhibited,ddisplayed"
5351,졸리다,jolrida,想睡、犯睏,"Feel sleepy,drowsy"
5352,졸음,joreum,睡意、瞌睡,"sleepiness,drowsiness"
5353,종이컵,jongikeop,紙杯,A paper cup
5354,주문,jumun,咒語、符咒、咒文,"An incantation, a spell"
5355,지능,jineung,智力、智能,"intelligence,intellect, raw intelligence"
5356,쩔쩔매다,jjeoljjeolmaeda,團團轉、不知所措,"To be at a loss, be confused"
5357,철,cheol,懂事、明理（철이 들다）,"Discretion, prudence (Become sensible, wise)"
5358,청바지,cheongbaji,牛仔褲,Blue jeans
5359,추가되다,chugadoeda,被追加、添加（被動）,To be added
5360,치료법,chiryobeop,治療方法,A curative means
5361,치우다,chiuda,徹底搞定、收拾掉,"VST + Do away with, get rid of"
5362,코끼리,kokkiri,大象,An elephant
5363,콘서트,konseoteu,演唱會、音樂會,Concert
5364,큰소리,keunsori,大嗓門、大話,"A loud voice, loudly"
5365,큰아들,keunadeul,大兒子、長子,Oldest son
5366,특급,teukgeup,特級,In a special class
5367,평일,pyeongil,平日、工作日,A weekday
5368,풀어지다,pureojida,鬆開、解開 / 煮爛,To get loose; to turn soft (noodles)
5369,한겨울,hangyeoul,隆冬、嚴冬,"Midwinter, the dead of winter"
5370,한평생,hanpyeongsaeng,一輩子、終生,A lifetime
5371,해수욕장,haesuyokjang,海水浴場、海灘,A swimming beach
5372,핸드폰,haendeupon,手機,Cell phone
5373,허허,heoheo,呵呵（笑聲）,"Ha-ha, with a laugh"
5374,호실,hosil,房號、室號,Tells you the room number
5375,휴지통,hyujitong,垃圾桶、紙簍,Waste paper basket
5376,흐려지다,heuryeojida,變陰沉、模糊,"Get cloudy, overcast"
5377,희망하다,huimanghada,希望、期望,Hope
5378,힘들어하다,himdeureohada,感到吃力、感到辛苦,"To be exacting, tolling"
5379,강의하다,ganguihada,講課、授課,To give a lecture
5380,걱정되다,geokjeongdoeda,令人擔心、掛念（被動）,To become worried
5381,공연하다,gongyeonhada,表演、演出,Offer a performance
5382,귤,gyul,橘子、柑橘,A Jeju orange
5383,내과,naegwa,內科,Internal medicine
5384,넷째,netjjae,第四,Fourth
5385,목걸이,mokgeori,項鍊,Necklace
5386,무지개,mujigae,彩虹,A rainbow
5387,문법,munbeop,文法、語法,Grammar
5388,볶음,bokkeum,炒菜、炒物,Roasted sth
5389,볼링,bolring,保齡球,Bowling
5390,비둘기,bidulgi,鴿子,Pigeon
5391,생활비,saenghwalbi,生活費,Cost of living
5392,스키장,seukijang,滑雪場,Place to ski
5393,시대적,sidaejeok,時代性的、時代的,Of the times
5394,쓰다,sseuda,苦、苦澀,Bitter (vegetables)
5395,앞문,ammun,前門,The front gate
5396,인도,indo,人行道,"pavement,sidewalk"
5397,책방,chaekbang,書店,Reading room
5398,추가하다,chugahada,追加、添加,"To add sth, to supplement"
5399,칠판,chilpan,黑板,The blackboard
5400,크리스마스,keuriseumaseu,聖誕節,Christmas
5401,탁구,takgu,桌球、乒乓球,"ping-pong,table tennis"
5402,현대적,hyeondaejeok,現代的、現代風格的,Modern (adj)
5403,구,gu,九（漢字詞）,9
5404,나흘,naheul,四天,Four days
5405,늦가을,neutgaeul,晚秋、深秋,Late autumn
5406,다이어트,daieoteu,節食、減肥,Diet
5407,목요일,mogyoil,星期四、週四,Thursday
5408,못생기다,motsaenggida,醜陋、難看,Ugly
5409,영화관,yeonghwagwan,電影院、戲院,Movie theater
5410,예술적,yesuljeok,藝術的,Artistic
5411,장모,jangmo,岳母、丈母娘,A man’s mother in law
5412,중국집,junggukjip,中餐館、中華料理店,Chinese restaurant
5413,지우개,jiugae,橡皮擦,An eraser
5414,지하도,jihado,地下道,Underground road
5415,튀김,twigim,油炸物、炸物,Batter-fried food
5416,고궁,gogung,古宮、古代宮殿,An ancient palace
5417,고속버스,gosokbeoseu,高速巴士、長途客運,Bus for the freeway
5418,단추,danchu,鈕扣、扣子,A button
5419,대중적,daejungjeok,大眾的、通俗的,Of the masses
5420,미역,miyeok,海帶、海帶芽,Brown seaweed
5421,반말,banmal,平語、非敬語,Crude language
5422,분홍색,bunhongsaek,粉紅色,Pink color
5423,사,sa,四（漢字詞）,"four,the fourth"
5424,소포,sopo,包裹,"A parcel,package"
5425,손녀,sonnyeo,孫女、外孫女,Granddaughter
5426,수영장,suyeongjang,游泳池,Swimming pool
5427,아래층,araecheung,樓下,Lower floor
5428,일본어,ilboneo,日語、日文,Japanese
5429,작은아버지,jageunabeoji,叔父、三叔（父親的弟弟）,An uncle younger than your father
5430,잠옷,jamot,睡衣,Pajamas
5431,장갑,janggap,手套,A pair of gloves
5432,초순,chosun,上旬,The first third of a month
5433,퇴원하다,toewonhada,出院,To leave the hospital
5434,하순,hasun,下旬,The final third of the month
5435,갈비,galbi,排骨、肋骨,The ribs
5436,기혼,gihon,已婚,Married
5437,대장,daejang,隊長、首領 / 印鑑,"A seal, stamp"
5438,모레,more,後天,The day after tomorrow
5439,삼계탕,samgyetang,蔘雞湯,Chicken soup
5440,생신,saengsin,生日、生辰（長輩敬語）,A birthday
5441,서른,seoreun,三十（純韓文數詞）,Thirty
5442,시내버스,sinaebeoseu,市區公車,Inner-city bus
5443,아홉,ahop,九（純韓文數詞）,Nine
5444,예약하다,yeyakhada,預約、預訂,"To book in advance, pledge"
5445,우표,upyo,郵票,A postage stamp
5446,장미,jangmi,玫瑰,A rose
5447,천둥,cheondung,雷、雷聲,Thunder
5448,퇴원,toewon,出院,Leaving the hospital
5449,파란색,paransaek,藍色,Blue
5450,게으르다,geeureuda,懶惰、怠惰,Lazy
5451,기념품,ginyeompum,紀念品,A momento
5452,냉면,naengmyeon,冷麵,Cold noodles soup
5453,단풍,danpung,楓葉、紅葉,Fall foliage
5454,독일어,dogireo,德語、德文,German
5455,문학적,munhakjeok,文學的,Literary
5456,미끄럽다,mikkeureopda,滑、滑溜,To be slippery
5457,복숭아,boksunga,桃子,Peach
5458,비빔밥,bibimbap,拌飯、石鍋拌飯,Vegetarian dish of rice and vegetables
5459,여든,yeodeun,八十（純韓文數詞）,Eighty
5460,외아들,oeadeul,獨生子、獨子,The only son
5461,이따가,ittaga,待會兒、稍後,A little later
5462,일흔,ilheun,七十（純韓文數詞）,Seventy
5463,장인,jangin,岳父、丈人,"A man’s father in law, the wife\'s father"
5464,화요일,hwayoil,星期二、週二,Tuesday
5465,강아지,gangaji,小狗、幼犬,Puppy
5466,닷새,datsae,五天,Five days
5467,선물하다,seonmulhada,送禮、贈送,Give a gift
5468,아이스크림,aiseukeurim,冰淇淋,Ice cream
5469,외할아버지,oeharabeoji,外公、外祖父,A maternal grandfather
5470,요리하다,yorihada,料理、烹飪,To cook (food)
5471,입국,ipguk,入境,Entering a country
5472,주차,jucha,停車,Parking
5473,체육관,cheyukgwan,體育館、健身房,Gymnasium
5474,최소,choeso,最小、最低,"At the least, the minimum"
5475,칠,chil,七（漢字詞）,Seven
5476,칼국수,kalguksu,刀削麵、刀切麵,Knife-cut noodles
5477,큰아버지,keunabeoji,伯父、大伯（父親的哥哥）,Uncle older than one’s father
5478,홍차,hongcha,紅茶,"Tea, black tea"
5479,국민적,gungminjeok,國民的、全體國民的,National or for citizens
5480,국제선,gukjeseon,國際航線,International airline
5481,맛없다,maseopda,難吃、不好吃,Bad flavor
5482,백,baek,百、一百（漢字詞）,One hundred
5483,사십,sasip,四十（漢字詞）,40
5484,안과,angwa,眼科,Ophthalmology
5485,연락처,yeonrakcheo,聯絡方式、聯絡電話,a way to make contact (usually means a phone number)
5486,연세,yeonse,年紀、高齡（長輩敬稱）,"Age, years of age"
5487,예식장,yesikjang,婚禮禮堂、結婚會館,A ceremony hall
5488,월세,wolse,月租、房租,Monthly rent
5489,위층,wicheung,樓上,The upper floor
5490,인삼차,insamcha,人參茶,Ginseng tea
5491,진찰,jinchal,診斷、問診檢查,"A medical diagnosis, investigation"
5492,초록색,choroksaek,草綠色、綠色,Green
5493,축구공,chukgugong,足球,A soccer ball
5494,큰딸,keunttal,大女兒、長女,Oldest daughter
5495,팔,pal,八（漢字詞） / 手臂,Eight
5496,결석,gyeolseok,缺席、曠課,Absent
5497,김치찌개,gimchijjigae,泡菜鍋,Spicy cabbage soup
5498,녹차,nokcha,綠茶,Green tea
5499,독감,dokgam,流感、重感冒,Influenza
5500,만두,mandu,餃子、饅頭,Chinese dumplings
5501,발음하다,bareumhada,發音,Pronounce
5502,보라색,borasaek,紫色,Purple
5503,복습하다,bokseuphada,複習、溫習,To review
5504,스케이트,seukeiteu,溜冰、滑冰鞋,Skate
5505,실례하다,silryehada,失禮、冒犯,To be impolite
5506,그렇게,geureoke,那樣、如此地,And so. like that
5507,여섯,yeoseot,六（純韓文數詞）,Six
5508,연두색,yeondusaek,嫩綠色、黃綠色,Light green
5509,온돌,ondol,溫突、地暖,The korean under-floor heating system
5510,육,yuk,六（漢字詞）,The number six
5511,일곱,ilgop,七（純韓文數詞）,Seven
5512,출입국,churipguk,出入境,Entry into a country
5513,클래식,keulraesik,古典樂、古典,Classic
5514,팝송,papsong,流行歌曲、西洋流行樂,Pop song
5515,팩스,paekseu,傳真,Fax
5516,깍두기,kkakdugi,辣蘿蔔泡菜,Sliced white radish kimchee
5517,국내선,gungnaeseon,國內航線,Domestic airline
5518,복습,bokseup,複習、溫習,Reviewing
5519,삼십,samsip,三十（漢字詞）,30
5520,성함,seongham,姓名、尊姓大名（敬語）,Your (his) esteemed name
5521,세탁소,setakso,洗衣店,Laundromat
5522,시외버스,sioebeoseu,市外長途公車,Inter-city bus
5523,야구장,yagujang,棒球場,Baseball field
5524,오십,osip,五十（漢字詞）,Fifty
5525,운동복,undongbok,運動服,Exercise clothes
5526,작은아들,jageunadeul,小兒子、次子,Younger son
5527,잠자리,jamjari,蜻蜓,Dragonfly
5528,주차하다,juchahada,停車,To park
5529,중국어,junggugeo,中文、漢語,Chinese
5530,청소기,cheongsogi,吸塵器,A vacuum cleaner
5531,칠십,chilsip,七十（漢字詞）,Seventy
5532,필통,piltong,鉛筆盒、筆袋,Pencil case
5533,학생증,haksaengjeung,學生證,Student identification
5534,형수,hyeongsu,大嫂、嫂子,The wife of one’s older brother
5535,경상도,gyeongsangdo,慶尚道（韓國東南部行政區）,Kyung-San-Do province (ulsan or kyungju)
5536,공항버스,gonghangbeoseu,機場巴士,Bus to the airport
5537,관광버스,gwangwangbeoseu,遊覽車、觀光巴士,Tourist bus
5538,그저께,geujeokke,前天,The day before yesterday
5539,냉방,naengbang,冷氣、冷氣房,A cold or unheated room
5540,눈병,nunbyeong,眼疾、眼病,An eye disease
5541,다섯째,daseotjjae,第五,Fifth
5542,배추김치,baechugimchi,白菜泡菜,Pickled cabbage
5543,사탕,satang,糖果,Sugar
5544,색연필,saegyeonpil,彩色鉛筆,Colored pencil
5545,소아과,soagwa,小兒科,Pediatrics
5546,양력,yangryeok,陽曆、國曆,The solar calendar
5547,예순,yesun,六十（純韓文數詞）,Sixty
5548,오,o,五（漢字詞）,Five
5549,작은어머니,jageuneomeoni,嬸嬸（叔叔的妻子）,An aunt younger than your mother
5550,축구장,chukgujang,足球場,Soccer field
5551,한글날,hangeulnal,韓文節,Korean writing system national holiday
5552,한식,hansik,韓食、韓式料理,Korean food
5553,세종대왕,sejongdaewang,世宗大王,"King sejong, who invented Hangul"
5554,넉,neok,四（冠形詞）,The fourth
5555,메일,meil,電子郵件,Mail
5556,복사기,boksagi,影印機,Memeograph
5557,빗,bit,梳子,A comb
5558,설렁탕,seolreongtang,先農湯、雪濃湯,Beef soup with rice
5559,종로,jongro,鐘路（首爾知名地名/街區）,Famous street in Seoul
5560,신라,sinra,新羅（韓國古代三國之一）,One dynasty in ancient korea
5561,십,sip,十（漢字詞）,10
5562,아드님,adeunim,令郎、您兒子（敬語）,Your esteemed son
5563,천,cheon,千、一千（漢字詞）,Thousand
5564,결석하다,gyeolseokhada,缺席、曠課,To be absent
5565,기념일,ginyeomil,紀念日,Commemoration day
5566,까만색,kkamansaek,黑色,Black
5567,내후년,naehunyeon,後年,The year after next year
5568,쉰,swin,五十（純韓文數詞）,50
5569,시아버지,siabeoji,公公、公丈,one’s husband’s father
5570,식품점,sikpumjeom,食品店、雜貨鋪,Grocery store
5571,약혼녀,yakhonnyeo,未婚妻,A girl who is engaged
5572,어저께,eojeokke,昨天,Yesterday
5573,영상,yeongsang,零上（氣溫）,Above zero
5574,예매하다,yemaehada,預售、預購,Advance purchase
5575,예습,yeseup,預習,Preparation of lessons
5576,예습하다,yeseuphada,預習,"To prepare lessons, rehearse"
5577,육십,yuksip,六十（漢字詞）,Sixty
5578,출석하다,chulseokhada,出席、到場,"attendance,presence"
5579,큰어머니,keuneomeoni,伯母（大伯的妻子）,The wife of the elder brother of one’s father
5580,팔십,palsip,八十（漢字詞）,80
5581,멍멍,meongmeong,汪汪（小狗叫聲）,"Bow-wow, woof-woof"
5582,분필,bunpil,粉筆,Chalk
5583,약혼자,yakhonja,未婚夫,"A fiance, an engaged person"
5584,양식,yangsik,養殖、培養 / 西餐,"raising,farming,culture"
5585,억,eok,億、一億,One hundred million
5586,여덟,yeodeol,八（純韓文數詞）,Eight
5587,외과,oegwa,外科,Surgery
5588,제과점,jegwajeom,麵包店、糕餅店,Confectionary store
5589,중식,jungsik,中餐、中華料理,Chinese food
5590,케첩,kecheop,番茄醬,Ketchup
5591,편의점,pyeonuijeom,便利商店,Convenient store
5592,갈비탕,galbitang,牛排骨湯,Beef-rib soup
5593,검정색,geomjeongsaek,黑色,Black color
5594,미용실,miyongsil,美容院、美髮沙龍,Beauty salon
5595,아흔,aheun,九十（純韓文數詞）,Ninety
5596,이십,isip,二十（漢字詞）,Twenty
5597,충청도,chungcheongdo,忠清道（韓國中部行政區）,Area around daejon city
5598,설악산,seoraksan,雪嶽山,Famous mountain
5599,조선,joseon,朝鮮（朝鮮時代/李氏朝鮮）,Name for ancient korea culture
5600,거꾸로,geokkuro,倒著、反過來,Backwards or bottom up or the wrong way
5601,인천공항,incheongonghang,仁川國際機場,Incheon international airport
5602,저렇게,jeoreoke,那樣、那麼樣,Like that
5603,대전,daejeon,大田（韓國中部廣域市）,Daejon city
5604,뉴욕,nyuyok,紐約,New york
5605,풍경,punggyeong,風景、景緻,"Landscape, scenery"
5606,아프리카,apeurika,非洲,Africa
5607,근본,geunbon,根本、基礎,The foundation or basis
5608,정리,jeongri,整理、整頓,"arrangment,regulation,adjustment"
5609,도쿄,dokyo,東京,Tokyo
5610,워낙,wonak,本來、原本、過於,"By nature, primarily, by constitution"
5611,독일,dogil,德國,Germany
5612,이렇게,ireoke,這樣、如此,In this way
5613,발달하다,baldalhada,發達、進展,To advance
5614,지적하다,jijeokhada,指出、指明,"To indicate, point out"
5615,영국,yeongguk,英國,England
5616,회사,hoesa,公司,A company
5617,유럽,yureop,歐洲,Europe
5618,의식,uisik,意識、知覺 / 儀式,"Consciuosness, awareness"
5619,구십,gusip,九十（漢字詞）,90
5620,아시아,asia,亞洲,Asia
5621,기다리다,gidarida,等待、等候,To wait
5622,인천,incheon,仁川（韓國廣域市）,Incheon city
5623,거기,geogi,那裡、那兒,There (location)
5624,일식,ilsik,日本料理、日餐 / 日蝕,Japanese food
5625,작은딸,jageunttal,小女兒、次女,Younger daughter
5626,저곳,jeogot,那裡、那個地方,That place over there
5627,초등학생,chodeunghaksaeng,小學生,An elementary school student
5628,하얀색,hayansaek,白色,White
5629,남미,nammi,南美洲,South america
5630,금강산,geumgangsan,金剛山,The Diamond Mountains
5631,전주,jeonju,全州,Junju
5632,전라도,jeonrado,全羅道,South-western region of south korea
5633,북한,bukhan,北韓、朝鮮,North korea
5634,부산,busan,釜山,"Busan, city in SE Korea, with largest beach in S.Korea"
5635,미국,miguk,美國,America
5636,백두산,baekdusan,白頭山、長白山,Korean mountain
5637,백제,baekje,百濟（韓國古代三國之一）,Historical Korean government
5638,베이징,beijing,北京,Beijing
5639,우리나라,urinara,我國、我們國家,Korea
5640,대한민국,daehanminguk,大韓民國,Korea
5641,한국,hanguk,韓國,Korea
5642,강원도,gangwondo,江原道,Gangwon-do province
5643,경기도,gyeonggido,京畿道,Gyeonggi-do province (surrounding Seoul)
5644,경복궁,gyeongbokgung,景福宮,Gyeongbokgung Palace
5645,경주,gyeongju,慶州,Gyeongju city (ancient Silla capital)
5646,고구려,goguryeo,高句麗,Goguryeo (ancient Korean kingdom)
5647,고려,goryeo,高麗,Goryeo dynasty
5648,광주,gwangju,光州,Gwangju city
5649,김포공항,gimpogonghang,金浦機場,KimPo Domestic (sometimes international) airport
5650,울산,ulsan,蔚山,"Ulsan, home of hyundai car company and hyundai shipbuilding in kyungsamnamdo"
5651,호남,honam,湖南地區（韓國全羅道一帶）,"The HONAM district, which is CHOLLA-DO in S.W south korea"
5652,일본,ilbon,日本,Japan
5653,파리,pari,巴黎,Paris
5654,지리산,jirisan,智異山,"Chili mountain, very beautiful"
5655,제주도,jejudo,濟州島,Tourist island off south S.Korea
5656,서울,seoul,首爾,Seoul
5657,서울역,seouryeok,首爾站,Seoul train station
5658,남대문,namdaemun,南大門（崇禮門）,Seoul’s old south gate
5659,한강,hangang,漢江,"The han river, runs through Seoul"
5660,한라산,hanrasan,漢拏山,Halla-san mountain
5661,한반도,hanbando,朝鮮半島、韓半島,The korean peninsula
5662,평양,pyeongyang,平壤,Capital of north korea
5663,프랑스,peurangseu,法國,France
5664,호주,hoju,澳洲、澳大利亞,Australia
5665,남대문시장,namdaemunsijang,南大門市場,Shopping center in seoul
5666,남산,namsan,南山,Mountain in south central seoul
5667,홍콩,hongkong,香港,Hong Kong
5668,대만,daeman,台灣（臺灣）,Taiwan
5669,로스앤젤레스,roseuaenjellesseu,洛杉磯（LA）,Los Angeles (LA)
5670,잘자,jalja,早唞、晚安（平語/非敬語，對朋友晚輩）,Good night, sleep tight (informal)
5671,잘 자요,jal jayo,晚安、早唞（日常敬語 / 해요體）,Good night (polite / informal polite)
5672,안녕히 주무세요,annyeonghi jumuseyo,祝您晚安安睡、早唞（長輩/上司尊稱敬語）,Good night, sleep peacefully (formal honorific / respectful)
